site,date,pct_cover,nms,sp
Cat Rock,2003-01-28,37.77777777777778,CINMS,MYTCAL
Cat Rock,2003-05-21,37.111111111111114,CINMS,MYTCAL
Cat Rock,2004-01-20,43.888888888888886,CINMS,MYTCAL
Cat Rock,2005-01-24,46,CINMS,MYTCAL
Cat Rock,2005-06-24,48.77777777777778,CINMS,MYTCAL
Cat Rock,2005-12-11,44.666666666666664,CINMS,MYTCAL
Cat Rock,2006-11-20,53.44444444444444,CINMS,MYTCAL
Cat Rock,2007-12-21,46,CINMS,MYTCAL
Cat Rock,2008-03-05,48.44444444444444,CINMS,MYTCAL
Cat Rock,2008-11-11,50.44444444444444,CINMS,MYTCAL
Cat Rock,2009-11-30,37.22222222222222,CINMS,MYTCAL
Cat Rock,2010-03-11,30.555555555555557,CINMS,MYTCAL
Cat Rock,2010-11-04,24,CINMS,MYTCAL
Cat Rock,2011-12-21,36.666666666666664,CINMS,MYTCAL
Cat Rock,2012-11-26,34,CINMS,MYTCAL
Cat Rock,2013-05-04,40.22222222222222,CINMS,MYTCAL
Cat Rock,2013-12-16,36.55555555555556,CINMS,MYTCAL
Cat Rock,2014-11-04,31.444444444444443,CINMS,MYTCAL
Cat Rock,2015-11-11,36.8,CINMS,MYTCAL
Cuyler Harbor,2002-12-31,59,CINMS,MYTCAL
Cuyler Harbor,2003-04-13,62.6,CINMS,MYTCAL
Cuyler Harbor,2004-01-08,59.4,CINMS,MYTCAL
Cuyler Harbor,2004-05-07,57.8,CINMS,MYTCAL
Cuyler Harbor,2005-01-24,66.4,CINMS,MYTCAL
Cuyler Harbor,2005-04-28,67.4,CINMS,MYTCAL
Cuyler Harbor,2006-01-28,55.2,CINMS,MYTCAL
Cuyler Harbor,2007-01-16,48.2,CINMS,MYTCAL
Cuyler Harbor,2007-05-21,40.8,CINMS,MYTCAL
Cuyler Harbor,2008-01-18,48.2,CINMS,MYTCAL
Cuyler Harbor,2008-05-07,49.4,CINMS,MYTCAL
Cuyler Harbor,2009-01-20,47.4,CINMS,MYTCAL
Cuyler Harbor,2009-04-06,47.8,CINMS,MYTCAL
Cuyler Harbor,2009-11-16,34.4,CINMS,MYTCAL
Cuyler Harbor,2010-04-18,30.2,CINMS,MYTCAL
Cuyler Harbor,2010-12-07,42.6,CINMS,MYTCAL
Cuyler Harbor,2011-12-10,66.4,CINMS,MYTCAL
Cuyler Harbor,2012-03-14,69.8,CINMS,MYTCAL
Cuyler Harbor,2013-01-11,75.4,CINMS,MYTCAL
Cuyler Harbor,2013-03-11,78,CINMS,MYTCAL
Cuyler Harbor,2014-01-17,83.8,CINMS,MYTCAL
Cuyler Harbor,2014-03-27,85.4,CINMS,MYTCAL
Cuyler Harbor,2014-12-03,76.2,CINMS,MYTCAL
Fraser Cove,2002-11-03,68,CINMS,MYTCAL
Fraser Cove,2003-03-26,63.2,CINMS,MYTCAL
Fraser Cove,2003-12-08,74.8,CINMS,MYTCAL
Fraser Cove,2004-03-31,77.8,CINMS,MYTCAL
Fraser Cove,2004-11-12,79.2,CINMS,MYTCAL
Fraser Cove,2005-03-08,76.8,CINMS,MYTCAL
Fraser Cove,2005-10-15,76.2,CINMS,MYTCAL
Fraser Cove,2006-12-19,78.6,CINMS,MYTCAL
Fraser Cove,2007-03-26,75.2,CINMS,MYTCAL
Fraser Cove,2008-03-20,66.4,CINMS,MYTCAL
Fraser Cove,2008-12-11,77,CINMS,MYTCAL
Fraser Cove,2009-04-28,66,CINMS,MYTCAL
Fraser Cove,2009-11-03,65.6,CINMS,MYTCAL
Fraser Cove,2010-03-24,71.2,CINMS,MYTCAL
Fraser Cove,2010-11-19,72,CINMS,MYTCAL
Fraser Cove,2012-01-09,69.2,CINMS,MYTCAL
Fraser Cove,2012-05-10,70.4,CINMS,MYTCAL
Fraser Cove,2012-12-11,71,CINMS,MYTCAL
Fraser Cove,2013-03-25,66.8,CINMS,MYTCAL
Fraser Cove,2013-11-02,60.4,CINMS,MYTCAL
Fraser Cove,2014-04-09,63.6,CINMS,MYTCAL
Fraser Cove,2014-11-21,67.6,CINMS,MYTCAL
Fraser Cove,2016-01-21,56.6,CINMS,MYTCAL
NW Talcott,2002-12-02,55.6,CINMS,MYTCAL
NW Talcott,2003-03-14,51.6,CINMS,MYTCAL
NW Talcott,2003-11-21,57.6,CINMS,MYTCAL
NW Talcott,2004-04-12,51.8,CINMS,MYTCAL
NW Talcott,2004-12-13,55,CINMS,MYTCAL
NW Talcott,2005-05-29,46.6,CINMS,MYTCAL
NW Talcott,2006-01-11,45.6,CINMS,MYTCAL
NW Talcott,2006-12-02,41.6,CINMS,MYTCAL
NW Talcott,2007-04-14,38.4,CINMS,MYTCAL
NW Talcott,2008-04-11,26.6,CINMS,MYTCAL
NW Talcott,2009-01-08,26.2,CINMS,MYTCAL
NW Talcott,2009-05-29,28.6,CINMS,MYTCAL
NW Talcott,2010-01-14,28.8,CINMS,MYTCAL
NW Talcott,2011-03-17,35.6,CINMS,MYTCAL
NW Talcott,2012-01-19,25,CINMS,MYTCAL
NW Talcott,2012-05-24,21.2,CINMS,MYTCAL
NW Talcott,2013-01-23,25.8,CINMS,MYTCAL
NW Talcott,2013-04-05,37.4,CINMS,MYTCAL
NW Talcott,2013-11-13,18.2,CINMS,MYTCAL
NW Talcott,2014-03-13,31,CINMS,MYTCAL
NW Talcott,2015-04-16,35.8,CINMS,MYTCAL
NW Talcott,2015-11-27,38.6,CINMS,MYTCAL
Orizaba Cove,2003-01-30,59.6,CINMS,MYTCAL
Orizaba Cove,2003-05-19,52.4,CINMS,MYTCAL
Orizaba Cove,2004-01-22,23,CINMS,MYTCAL
Orizaba Cove,2005-12-01,82.4,CINMS,MYTCAL
Orizaba Cove,2006-03-27,83,CINMS,MYTCAL
Orizaba Cove,2007-01-03,80.6,CINMS,MYTCAL
Orizaba Cove,2007-03-15,88.4,CINMS,MYTCAL
Orizaba Cove,2007-12-22,37,CINMS,MYTCAL
Orizaba Cove,2008-03-07,24.4,CINMS,MYTCAL
Orizaba Cove,2008-11-26,0,CINMS,MYTCAL
Orizaba Cove,2009-03-07,0,CINMS,MYTCAL
Orizaba Cove,2009-12-14,0,CINMS,MYTCAL
Orizaba Cove,2010-11-03,0,CINMS,MYTCAL
Orizaba Cove,2011-03-31,0,CINMS,MYTCAL
Orizaba Cove,2011-12-20,0.2,CINMS,MYTCAL
Orizaba Cove,2014-11-19,67.2,CINMS,MYTCAL
S Frenchys Cove,2003-01-27,64.4,CINMS,MYTCAL
S Frenchys Cove,2003-05-20,70.4,CINMS,MYTCAL
S Frenchys Cove,2004-01-19,87.6,CINMS,MYTCAL
S Frenchys Cove,2004-06-07,92.6,CINMS,MYTCAL
S Frenchys Cove,2005-01-23,89,CINMS,MYTCAL
S Frenchys Cove,2005-06-24,83.5,CINMS,MYTCAL
S Frenchys Cove,2005-12-14,77.4,CINMS,MYTCAL
S Frenchys Cove,2006-03-28,74.6,CINMS,MYTCAL
S Frenchys Cove,2006-11-22,89.4,CINMS,MYTCAL
S Frenchys Cove,2007-03-17,74.4,CINMS,MYTCAL
S Frenchys Cove,2007-12-21,67.2,CINMS,MYTCAL
S Frenchys Cove,2008-03-03,67.2,CINMS,MYTCAL
S Frenchys Cove,2008-11-11,65.2,CINMS,MYTCAL
S Frenchys Cove,2009-03-09,51.4,CINMS,MYTCAL
S Frenchys Cove,2009-12-02,46.6,CINMS,MYTCAL
S Frenchys Cove,2010-03-12,37.2,CINMS,MYTCAL
S Frenchys Cove,2010-11-05,55.6,CINMS,MYTCAL
S Frenchys Cove,2011-11-23,86.6,CINMS,MYTCAL
S Frenchys Cove,2012-04-23,84.6,CINMS,MYTCAL
S Frenchys Cove,2012-11-25,69,CINMS,MYTCAL
S Frenchys Cove,2013-05-04,60.8,CINMS,MYTCAL
S Frenchys Cove,2013-12-16,46,CINMS,MYTCAL
S Frenchys Cove,2014-05-20,34.2,CINMS,MYTCAL
S Frenchys Cove,2014-11-03,38.4,CINMS,MYTCAL
S Frenchys Cove,2015-11-11,36.6,CINMS,MYTCAL
Scorpion Rock,2003-01-31,67.4,CINMS,MYTCAL
Scorpion Rock,2003-05-22,52.8,CINMS,MYTCAL
Scorpion Rock,2003-12-19,35.6,CINMS,MYTCAL
Scorpion Rock,2004-03-16,29.4,CINMS,MYTCAL
Scorpion Rock,2005-01-08,10.2,CINMS,MYTCAL
Scorpion Rock,2005-04-19,8.2,CINMS,MYTCAL
Scorpion Rock,2006-03-25,24,CINMS,MYTCAL
Scorpion Rock,2007-03-14,38,CINMS,MYTCAL
Scorpion Rock,2008-03-06,2,CINMS,MYTCAL
Scorpion Rock,2008-11-25,0.4,CINMS,MYTCAL
Scorpion Rock,2009-12-01,0,CINMS,MYTCAL
Scorpion Rock,2010-03-28,0,CINMS,MYTCAL
Scorpion Rock,2010-12-03,0,CINMS,MYTCAL
Scorpion Rock,2011-11-22,0,CINMS,MYTCAL
Scorpion Rock,2012-10-28,0.4,CINMS,MYTCAL
Scorpion Rock,2013-04-19,1,CINMS,MYTCAL
Scorpion Rock,2013-12-13,0,CINMS,MYTCAL
Scorpion Rock,2014-04-23,0.4,CINMS,MYTCAL
Scorpion Rock,2014-12-19,5,CINMS,MYTCAL
Scorpion Rock,2015-10-25,14,CINMS,MYTCAL
Sea Lion Rookery,2002-11-20,24,CINMS,MYTCAL
Sea Lion Rookery,2003-10-25,80.2,CINMS,MYTCAL
Sea Lion Rookery,2004-11-12,98,CINMS,MYTCAL
Sea Lion Rookery,2006-11-04,98.2,CINMS,MYTCAL
Sea Lion Rookery,2007-10-26,94,CINMS,MYTCAL
Sea Lion Rookery,2008-10-16,29.8,CINMS,MYTCAL
Sea Lion Rookery,2009-10-16,0,CINMS,MYTCAL
Sea Lion Rookery,2010-10-07,0.2,CINMS,MYTCAL
Sea Lion Rookery,2011-10-24,48.8,CINMS,MYTCAL
Sea Lion Rookery,2012-11-13,97.6,CINMS,MYTCAL
Sea Lion Rookery,2013-10-19,100,CINMS,MYTCAL
Sea Lion Rookery,2015-01-29,39.4,CINMS,MYTCAL
Trailer,2002-11-02,69.2,CINMS,MYTCAL
Trailer,2003-03-25,61.4,CINMS,MYTCAL
Trailer,2003-12-09,50.4,CINMS,MYTCAL
Trailer,2004-04-01,56.6,CINMS,MYTCAL
Trailer,2004-11-13,60.4,CINMS,MYTCAL
Trailer,2005-03-09,49.2,CINMS,MYTCAL
Trailer,2005-10-15,30.6,CINMS,MYTCAL
Trailer,2006-12-19,41.6,CINMS,MYTCAL
Trailer,2007-03-27,45,CINMS,MYTCAL
Trailer,2008-03-19,37.6,CINMS,MYTCAL
Trailer,2008-12-11,46.2,CINMS,MYTCAL
Trailer,2009-04-27,47.8,CINMS,MYTCAL
Trailer,2009-11-04,19.6,CINMS,MYTCAL
Trailer,2010-03-26,18.4,CINMS,MYTCAL
Trailer,2010-11-18,21,CINMS,MYTCAL
Trailer,2012-01-08,45.8,CINMS,MYTCAL
Trailer,2012-05-09,53.8,CINMS,MYTCAL
Trailer,2012-12-10,50.2,CINMS,MYTCAL
Trailer,2013-03-24,48.6,CINMS,MYTCAL
Trailer,2013-11-01,47.4,CINMS,MYTCAL
Trailer,2014-04-08,41.4,CINMS,MYTCAL
Trailer,2014-11-22,46.4,CINMS,MYTCAL
Trailer,2016-01-22,55.2,CINMS,MYTCAL
Willows Anchorage,2002-11-04,59.2,CINMS,MYTCAL
Willows Anchorage,2003-03-27,57.2,CINMS,MYTCAL
Willows Anchorage,2003-12-07,81.8,CINMS,MYTCAL
Willows Anchorage,2004-03-30,85.8,CINMS,MYTCAL
Willows Anchorage,2004-11-14,97.75,CINMS,MYTCAL
Willows Anchorage,2005-03-10,85.4,CINMS,MYTCAL
Willows Anchorage,2005-10-16,88,CINMS,MYTCAL
Willows Anchorage,2006-12-20,92.2,CINMS,MYTCAL
Willows Anchorage,2007-03-28,90.6,CINMS,MYTCAL
Willows Anchorage,2008-03-18,55.4,CINMS,MYTCAL
Willows Anchorage,2008-12-11,50.8,CINMS,MYTCAL
Willows Anchorage,2009-04-29,49.2,CINMS,MYTCAL
Willows Anchorage,2009-11-02,50.6,CINMS,MYTCAL
Willows Anchorage,2010-03-25,50.4,CINMS,MYTCAL
Willows Anchorage,2010-11-22,39,CINMS,MYTCAL
Willows Anchorage,2012-01-07,63.4,CINMS,MYTCAL
Willows Anchorage,2012-05-11,60.2,CINMS,MYTCAL
Willows Anchorage,2012-12-12,53.8,CINMS,MYTCAL
Willows Anchorage,2013-03-23,56.2,CINMS,MYTCAL
Willows Anchorage,2013-11-03,66,CINMS,MYTCAL
Willows Anchorage,2014-04-10,64.4,CINMS,MYTCAL
Willows Anchorage,2014-11-20,60.6,CINMS,MYTCAL
Willows Anchorage,2016-01-23,72.6,CINMS,MYTCAL
CINMS,2002-06-15,55.833333333333336,CINMS,MYTCAL
CINMS,2003-06-15,58.85730994152047,CINMS,MYTCAL
CINMS,2004-06-15,66.00243055555555,CINMS,MYTCAL
CINMS,2005-06-15,59.819135802469134,CINMS,MYTCAL
CINMS,2006-06-15,64.78703703703704,CINMS,MYTCAL
CINMS,2007-06-15,61.7,CINMS,MYTCAL
CINMS,2008-06-15,41.41604938271605,CINMS,MYTCAL
CINMS,2009-06-15,34.35679012345679,CINMS,MYTCAL
CINMS,2010-06-15,30.6562091503268,CINMS,MYTCAL
CINMS,2011-06-15,34.28333333333333,CINMS,MYTCAL
CINMS,2012-06-15,55.258823529411764,CINMS,MYTCAL
CINMS,2013-06-15,48.04320987654321,CINMS,MYTCAL
CINMS,2014-06-15,49.81527777777778,CINMS,MYTCAL
CINMS,2015-06-15,33.53333333333333,CINMS,MYTCAL
CINMS,2016-06-15,61.46666666666667,CINMS,MYTCAL
Cat Rock,2003-01-28,13,CINMS,CHTBAL
Cat Rock,2003-05-21,15.555555555555555,CINMS,CHTBAL
Cat Rock,2004-01-20,13.11111111111111,CINMS,CHTBAL
Cat Rock,2005-01-24,21.11111111111111,CINMS,CHTBAL
Cat Rock,2005-06-24,19.77777777777778,CINMS,CHTBAL
Cat Rock,2005-12-11,41.666666666666664,CINMS,CHTBAL
Cat Rock,2006-11-20,54.44444444444444,CINMS,CHTBAL
Cat Rock,2007-12-21,48.22222222222222,CINMS,CHTBAL
Cat Rock,2008-03-05,47.77777777777778,CINMS,CHTBAL
Cat Rock,2008-11-11,45.55555555555556,CINMS,CHTBAL
Cat Rock,2009-11-30,24.555555555555557,CINMS,CHTBAL
Cat Rock,2010-03-11,28.333333333333332,CINMS,CHTBAL
Cat Rock,2010-11-04,40.22222222222222,CINMS,CHTBAL
Cat Rock,2011-12-21,27.88888888888889,CINMS,CHTBAL
Cat Rock,2012-11-26,25.88888888888889,CINMS,CHTBAL
Cat Rock,2013-05-04,28,CINMS,CHTBAL
Cat Rock,2013-12-16,26.666666666666668,CINMS,CHTBAL
Cat Rock,2014-11-04,28.666666666666668,CINMS,CHTBAL
Cat Rock,2015-11-11,30.4,CINMS,CHTBAL
Cuyler Harbor,2002-12-31,46.4,CINMS,CHTBAL
Cuyler Harbor,2003-04-13,43.4,CINMS,CHTBAL
Cuyler Harbor,2004-01-08,37.8,CINMS,CHTBAL
Cuyler Harbor,2004-05-07,39,CINMS,CHTBAL
Cuyler Harbor,2005-01-24,50.4,CINMS,CHTBAL
Cuyler Harbor,2005-04-28,44,CINMS,CHTBAL
Cuyler Harbor,2006-01-28,40.4,CINMS,CHTBAL
Cuyler Harbor,2007-01-16,46.4,CINMS,CHTBAL
Cuyler Harbor,2007-05-21,39.8,CINMS,CHTBAL
Cuyler Harbor,2008-01-18,43.6,CINMS,CHTBAL
Cuyler Harbor,2008-05-07,44.6,CINMS,CHTBAL
Cuyler Harbor,2009-01-20,28.2,CINMS,CHTBAL
Cuyler Harbor,2009-04-06,27.4,CINMS,CHTBAL
Cuyler Harbor,2009-11-16,29.8,CINMS,CHTBAL
Cuyler Harbor,2010-04-18,27.4,CINMS,CHTBAL
Cuyler Harbor,2010-12-07,36.4,CINMS,CHTBAL
Cuyler Harbor,2011-12-10,43.6,CINMS,CHTBAL
Cuyler Harbor,2012-03-14,37,CINMS,CHTBAL
Cuyler Harbor,2013-01-11,45.4,CINMS,CHTBAL
Cuyler Harbor,2013-03-11,42.2,CINMS,CHTBAL
Cuyler Harbor,2014-01-17,62.4,CINMS,CHTBAL
Cuyler Harbor,2014-03-27,59,CINMS,CHTBAL
Cuyler Harbor,2014-12-03,47.4,CINMS,CHTBAL
Fraser Cove,2002-11-03,56,CINMS,CHTBAL
Fraser Cove,2003-03-26,35.8,CINMS,CHTBAL
Fraser Cove,2003-12-08,28.8,CINMS,CHTBAL
Fraser Cove,2004-03-31,24.8,CINMS,CHTBAL
Fraser Cove,2004-11-12,40,CINMS,CHTBAL
Fraser Cove,2005-03-08,19.2,CINMS,CHTBAL
Fraser Cove,2005-10-15,33.6,CINMS,CHTBAL
Fraser Cove,2006-12-19,51.8,CINMS,CHTBAL
Fraser Cove,2007-03-26,40.4,CINMS,CHTBAL
Fraser Cove,2008-03-20,27,CINMS,CHTBAL
Fraser Cove,2008-12-11,25.4,CINMS,CHTBAL
Fraser Cove,2009-04-28,35.4,CINMS,CHTBAL
Fraser Cove,2009-11-03,40.2,CINMS,CHTBAL
Fraser Cove,2010-03-24,51.4,CINMS,CHTBAL
Fraser Cove,2010-11-19,69.4,CINMS,CHTBAL
Fraser Cove,2012-01-09,45,CINMS,CHTBAL
Fraser Cove,2012-05-10,18.2,CINMS,CHTBAL
Fraser Cove,2012-12-11,24.4,CINMS,CHTBAL
Fraser Cove,2013-03-25,22.6,CINMS,CHTBAL
Fraser Cove,2013-11-02,39.4,CINMS,CHTBAL
Fraser Cove,2014-04-09,46.2,CINMS,CHTBAL
Fraser Cove,2014-11-21,33.4,CINMS,CHTBAL
Fraser Cove,2016-01-21,31.8,CINMS,CHTBAL
NW Talcott,2002-12-02,37.2,CINMS,CHTBAL
NW Talcott,2003-03-14,26.8,CINMS,CHTBAL
NW Talcott,2003-11-21,35.2,CINMS,CHTBAL
NW Talcott,2004-04-12,42.4,CINMS,CHTBAL
NW Talcott,2004-12-13,29.6,CINMS,CHTBAL
NW Talcott,2005-05-29,32.4,CINMS,CHTBAL
NW Talcott,2006-01-11,46.4,CINMS,CHTBAL
NW Talcott,2006-12-02,48.2,CINMS,CHTBAL
NW Talcott,2007-04-14,42.6,CINMS,CHTBAL
NW Talcott,2008-04-11,40.8,CINMS,CHTBAL
NW Talcott,2009-01-08,33.2,CINMS,CHTBAL
NW Talcott,2009-05-29,34.2,CINMS,CHTBAL
NW Talcott,2010-01-14,24,CINMS,CHTBAL
NW Talcott,2011-03-17,31,CINMS,CHTBAL
NW Talcott,2012-01-19,19.8,CINMS,CHTBAL
NW Talcott,2012-05-24,15.8,CINMS,CHTBAL
NW Talcott,2013-01-23,9.2,CINMS,CHTBAL
NW Talcott,2013-04-05,9,CINMS,CHTBAL
NW Talcott,2013-11-13,5,CINMS,CHTBAL
NW Talcott,2014-03-13,5.2,CINMS,CHTBAL
NW Talcott,2015-04-16,6.6,CINMS,CHTBAL
NW Talcott,2015-11-27,6.4,CINMS,CHTBAL
Orizaba Cove,2003-01-30,64.6,CINMS,CHTBAL
Orizaba Cove,2003-05-19,66.4,CINMS,CHTBAL
Orizaba Cove,2004-01-22,56.5,CINMS,CHTBAL
Orizaba Cove,2005-12-01,66.2,CINMS,CHTBAL
Orizaba Cove,2006-03-27,66,CINMS,CHTBAL
Orizaba Cove,2007-01-03,59.6,CINMS,CHTBAL
Orizaba Cove,2007-03-15,60,CINMS,CHTBAL
Orizaba Cove,2007-12-22,61.2,CINMS,CHTBAL
Orizaba Cove,2008-03-07,63.6,CINMS,CHTBAL
Orizaba Cove,2008-11-26,45.2,CINMS,CHTBAL
Orizaba Cove,2009-03-07,37.6,CINMS,CHTBAL
Orizaba Cove,2009-12-14,40.2,CINMS,CHTBAL
Orizaba Cove,2010-11-03,51,CINMS,CHTBAL
Orizaba Cove,2011-03-31,55,CINMS,CHTBAL
Orizaba Cove,2011-12-20,63.8,CINMS,CHTBAL
Orizaba Cove,2014-11-19,54.2,CINMS,CHTBAL
S Frenchys Cove,2003-01-27,36,CINMS,CHTBAL
S Frenchys Cove,2003-05-20,46,CINMS,CHTBAL
S Frenchys Cove,2004-01-19,25.8,CINMS,CHTBAL
S Frenchys Cove,2004-06-07,33,CINMS,CHTBAL
S Frenchys Cove,2005-01-23,45.8,CINMS,CHTBAL
S Frenchys Cove,2005-06-24,45.4,CINMS,CHTBAL
S Frenchys Cove,2005-12-14,70.2,CINMS,CHTBAL
S Frenchys Cove,2006-03-28,68.4,CINMS,CHTBAL
S Frenchys Cove,2006-11-22,61.8,CINMS,CHTBAL
S Frenchys Cove,2007-03-17,61.6,CINMS,CHTBAL
S Frenchys Cove,2007-12-21,59.6,CINMS,CHTBAL
S Frenchys Cove,2008-03-03,62.8,CINMS,CHTBAL
S Frenchys Cove,2008-11-11,35.6,CINMS,CHTBAL
S Frenchys Cove,2009-03-09,47,CINMS,CHTBAL
S Frenchys Cove,2009-12-02,29.4,CINMS,CHTBAL
S Frenchys Cove,2010-03-12,24,CINMS,CHTBAL
S Frenchys Cove,2010-11-05,20.4,CINMS,CHTBAL
S Frenchys Cove,2011-11-23,16.2,CINMS,CHTBAL
S Frenchys Cove,2012-04-23,12.6,CINMS,CHTBAL
S Frenchys Cove,2012-11-25,10.2,CINMS,CHTBAL
S Frenchys Cove,2013-05-04,8.4,CINMS,CHTBAL
S Frenchys Cove,2013-12-16,20.4,CINMS,CHTBAL
S Frenchys Cove,2014-05-20,17.6,CINMS,CHTBAL
S Frenchys Cove,2014-11-03,17.8,CINMS,CHTBAL
S Frenchys Cove,2015-11-11,10.8,CINMS,CHTBAL
Scorpion Rock,2003-01-31,27,CINMS,CHTBAL
Scorpion Rock,2003-05-22,26,CINMS,CHTBAL
Scorpion Rock,2003-12-19,26,CINMS,CHTBAL
Scorpion Rock,2004-03-16,21.5,CINMS,CHTBAL
Scorpion Rock,2005-01-08,34,CINMS,CHTBAL
Scorpion Rock,2005-04-19,23.4,CINMS,CHTBAL
Scorpion Rock,2006-03-25,27.8,CINMS,CHTBAL
Scorpion Rock,2007-03-14,24.6,CINMS,CHTBAL
Scorpion Rock,2008-03-06,11.4,CINMS,CHTBAL
Scorpion Rock,2008-11-25,9.8,CINMS,CHTBAL
Scorpion Rock,2009-12-01,8.6,CINMS,CHTBAL
Scorpion Rock,2010-03-28,8.8,CINMS,CHTBAL
Scorpion Rock,2010-12-03,15,CINMS,CHTBAL
Scorpion Rock,2011-11-22,13.4,CINMS,CHTBAL
Scorpion Rock,2012-10-28,25.2,CINMS,CHTBAL
Scorpion Rock,2013-04-19,23.6,CINMS,CHTBAL
Scorpion Rock,2013-12-13,46.2,CINMS,CHTBAL
Scorpion Rock,2014-04-23,36.8,CINMS,CHTBAL
Scorpion Rock,2014-12-19,33.4,CINMS,CHTBAL
Scorpion Rock,2015-10-25,33.4,CINMS,CHTBAL
Sea Lion Rookery,2002-11-20,11,CINMS,CHTBAL
Sea Lion Rookery,2003-10-25,8.4,CINMS,CHTBAL
Sea Lion Rookery,2004-11-11,7,CINMS,CHTBAL
Sea Lion Rookery,2006-11-04,13.4,CINMS,CHTBAL
Sea Lion Rookery,2007-10-26,4.4,CINMS,CHTBAL
Sea Lion Rookery,2008-10-16,9.2,CINMS,CHTBAL
Sea Lion Rookery,2009-10-16,3.6,CINMS,CHTBAL
Sea Lion Rookery,2010-10-07,12.2,CINMS,CHTBAL
Sea Lion Rookery,2011-10-24,8,CINMS,CHTBAL
Sea Lion Rookery,2012-11-13,2.8,CINMS,CHTBAL
Sea Lion Rookery,2013-10-19,7.8,CINMS,CHTBAL
Sea Lion Rookery,2015-01-29,5.8,CINMS,CHTBAL
Trailer,2002-11-02,52.2,CINMS,CHTBAL
Trailer,2003-03-25,49,CINMS,CHTBAL
Trailer,2003-12-09,55.2,CINMS,CHTBAL
Trailer,2004-04-01,62.2,CINMS,CHTBAL
Trailer,2004-11-13,53.8,CINMS,CHTBAL
Trailer,2005-03-09,61,CINMS,CHTBAL
Trailer,2005-10-15,74,CINMS,CHTBAL
Trailer,2006-12-19,75.6,CINMS,CHTBAL
Trailer,2007-03-27,58.4,CINMS,CHTBAL
Trailer,2008-03-19,53.2,CINMS,CHTBAL
Trailer,2008-12-11,41,CINMS,CHTBAL
Trailer,2009-04-27,42.4,CINMS,CHTBAL
Trailer,2009-11-04,37.6,CINMS,CHTBAL
Trailer,2010-03-26,55.6,CINMS,CHTBAL
Trailer,2010-11-18,63,CINMS,CHTBAL
Trailer,2012-01-08,46,CINMS,CHTBAL
Trailer,2012-05-09,29.8,CINMS,CHTBAL
Trailer,2012-12-10,35.6,CINMS,CHTBAL
Trailer,2013-03-24,30.2,CINMS,CHTBAL
Trailer,2013-11-01,63.6,CINMS,CHTBAL
Trailer,2014-04-08,67.6,CINMS,CHTBAL
Trailer,2014-11-22,70.6,CINMS,CHTBAL
Trailer,2016-01-22,49.6,CINMS,CHTBAL
CINMS,2002-06-15,40.56,CINMS,CHTBAL
CINMS,2003-06-15,35.479738562091505,CINMS,CHTBAL
CINMS,2004-06-15,34.75079365079365,CINMS,CHTBAL
CINMS,2005-06-15,42.63472222222222,CINMS,CHTBAL
CINMS,2006-06-15,50.385858585858585,CINMS,CHTBAL
CINMS,2007-06-15,46.67863247863248,CINMS,CHTBAL
CINMS,2008-06-15,37.90833333333333,CINMS,CHTBAL
CINMS,2009-06-15,31.209722222222222,CINMS,CHTBAL
CINMS,2010-06-15,35.14370370370371,CINMS,CHTBAL
CINMS,2011-06-15,32.361111111111114,CINMS,CHTBAL
CINMS,2012-06-15,24.877777777777776,CINMS,CHTBAL
CINMS,2013-06-15,26.729166666666668,CINMS,CHTBAL
CINMS,2014-06-15,41.44761904761905,CINMS,CHTBAL
CINMS,2015-06-15,15.566666666666666,CINMS,CHTBAL
CINMS,2016-06-15,40.7,CINMS,CHTBAL
Andrew Molera,2002-11-19,83,MBNMS,MYTCAL
Andrew Molera,2003-03-25,85.6,MBNMS,MYTCAL
Andrew Molera,2003-11-24,84.4,MBNMS,MYTCAL
Andrew Molera,2004-03-18,85,MBNMS,MYTCAL
Andrew Molera,2004-10-26,83.4,MBNMS,MYTCAL
Andrew Molera,2005-03-09,84.4,MBNMS,MYTCAL
Andrew Molera,2005-11-17,83.4,MBNMS,MYTCAL
Andrew Molera,2006-03-27,85.8,MBNMS,MYTCAL
Andrew Molera,2006-11-03,87,MBNMS,MYTCAL
Andrew Molera,2007-04-22,87.4,MBNMS,MYTCAL
Andrew Molera,2007-11-25,84.6,MBNMS,MYTCAL
Andrew Molera,2008-03-06,68.2,MBNMS,MYTCAL
Andrew Molera,2008-10-16,69.6,MBNMS,MYTCAL
Andrew Molera,2009-03-09,72.6,MBNMS,MYTCAL
Andrew Molera,2009-11-17,69.2,MBNMS,MYTCAL
Andrew Molera,2010-04-19,68,MBNMS,MYTCAL
Andrew Molera,2010-11-21,70.4,MBNMS,MYTCAL
Andrew Molera,2011-04-21,72.4,MBNMS,MYTCAL
Andrew Molera,2011-11-23,69.2,MBNMS,MYTCAL
Andrew Molera,2012-11-28,70,MBNMS,MYTCAL
Andrew Molera,2013-11-02,73.6,MBNMS,MYTCAL
Andrew Molera,2014-11-08,76,MBNMS,MYTCAL
Andrew Molera,2015-10-28,79.6,MBNMS,MYTCAL
Andrew Molera,2016-11-13,85,MBNMS,MYTCAL
China Rocks,2007-11-09,91.2,MBNMS,MYTCAL
China Rocks,2008-04-10,96.6,MBNMS,MYTCAL
China Rocks,2009-05-01,90.8,MBNMS,MYTCAL
China Rocks,2011-10-27,77.8,MBNMS,MYTCAL
Garrapata,2007-11-10,77,MBNMS,MYTCAL
Garrapata,2008-04-08,70,MBNMS,MYTCAL
Garrapata,2009-04-29,54.8,MBNMS,MYTCAL
Garrapata,2011-10-28,47.6,MBNMS,MYTCAL
Hopkins,2002-11-05,90.2,MBNMS,MYTCAL
Hopkins,2003-03-21,87.4,MBNMS,MYTCAL
Hopkins,2003-10-26,91.8,MBNMS,MYTCAL
Hopkins,2004-03-19,90,MBNMS,MYTCAL
Hopkins,2004-10-14,82.6,MBNMS,MYTCAL
Hopkins,2005-03-07,86.4,MBNMS,MYTCAL
Hopkins,2005-11-14,78.8,MBNMS,MYTCAL
Hopkins,2006-04-18,83,MBNMS,MYTCAL
Hopkins,2006-10-07,85.6,MBNMS,MYTCAL
Hopkins,2007-03-16,87,MBNMS,MYTCAL
Hopkins,2007-10-26,85.4,MBNMS,MYTCAL
Hopkins,2008-03-04,88,MBNMS,MYTCAL
Hopkins,2008-10-15,90.6,MBNMS,MYTCAL
Hopkins,2009-03-06,88.2,MBNMS,MYTCAL
Hopkins,2009-11-03,92,MBNMS,MYTCAL
Hopkins,2010-03-25,81.2,MBNMS,MYTCAL
Hopkins,2010-11-20,82.8,MBNMS,MYTCAL
Hopkins,2011-04-18,83.6,MBNMS,MYTCAL
Hopkins,2011-10-26,83.8,MBNMS,MYTCAL
Hopkins,2012-10-16,94.2,MBNMS,MYTCAL
Hopkins,2013-10-18,93.8,MBNMS,MYTCAL
Hopkins,2014-11-09,94.8,MBNMS,MYTCAL
Hopkins,2015-10-25,90,MBNMS,MYTCAL
Hopkins,2016-11-12,87.4,MBNMS,MYTCAL
Mill Creek,2002-12-05,72.6,MBNMS,MYTCAL
Mill Creek,2003-04-19,75.6,MBNMS,MYTCAL
Mill Creek,2003-11-22,66.2,MBNMS,MYTCAL
Mill Creek,2004-04-09,58.6,MBNMS,MYTCAL
Mill Creek,2004-11-12,53.2,MBNMS,MYTCAL
Mill Creek,2005-04-27,71.6,MBNMS,MYTCAL
Mill Creek,2005-11-15,79.6,MBNMS,MYTCAL
Mill Creek,2006-03-25,85.6,MBNMS,MYTCAL
Mill Creek,2006-11-04,93.8,MBNMS,MYTCAL
Mill Creek,2007-04-20,94.8,MBNMS,MYTCAL
Mill Creek,2008-04-09,83.6,MBNMS,MYTCAL
Mill Creek,2008-11-12,60.2,MBNMS,MYTCAL
Mill Creek,2009-03-07,47.2,MBNMS,MYTCAL
Mill Creek,2009-11-15,26.4,MBNMS,MYTCAL
Mill Creek,2010-04-17,19.6,MBNMS,MYTCAL
Mill Creek,2010-11-05,12,MBNMS,MYTCAL
Mill Creek,2011-04-20,14.8,MBNMS,MYTCAL
Mill Creek,2011-11-24,26,MBNMS,MYTCAL
Mill Creek,2012-11-27,48,MBNMS,MYTCAL
Mill Creek,2013-11-17,54.2,MBNMS,MYTCAL
Mill Creek,2014-11-07,61.4,MBNMS,MYTCAL
Mill Creek,2015-10-27,74.2,MBNMS,MYTCAL
Mill Creek,2016-11-14,76.6,MBNMS,MYTCAL
Natural Bridges,2007-10-10,95.8,MBNMS,MYTCAL
Natural Bridges,2008-03-10,98.4,MBNMS,MYTCAL
Natural Bridges,2009-04-02,95.6,MBNMS,MYTCAL
Natural Bridges,2011-10-24,95.6,MBNMS,MYTCAL
Piedras Blancas,2007-09-29,93.2,MBNMS,MYTCAL
Piedras Blancas,2008-04-06,88.6,MBNMS,MYTCAL
Piedras Blancas,2009-04-27,75.8,MBNMS,MYTCAL
Piedras Blancas,2011-10-28,74.6,MBNMS,MYTCAL
Point Pinos,2007-11-07,95.4,MBNMS,MYTCAL
Point Pinos,2008-04-09,97.4,MBNMS,MYTCAL
Point Pinos,2009-04-30,94.4,MBNMS,MYTCAL
Point Pinos,2011-10-26,91.6,MBNMS,MYTCAL
Point Sierra Nevada,2002-11-04,77.8,MBNMS,MYTCAL
Point Sierra Nevada,2003-03-01,87.8,MBNMS,MYTCAL
Point Sierra Nevada,2003-10-25,88.2,MBNMS,MYTCAL
Point Sierra Nevada,2004-03-04,86.2,MBNMS,MYTCAL
Point Sierra Nevada,2004-11-11,86.4,MBNMS,MYTCAL
Point Sierra Nevada,2005-03-08,88.4,MBNMS,MYTCAL
Point Sierra Nevada,2005-11-14,91,MBNMS,MYTCAL
Point Sierra Nevada,2006-03-10,90,MBNMS,MYTCAL
Point Sierra Nevada,2006-11-07,93.6,MBNMS,MYTCAL
Point Sierra Nevada,2007-03-16,90.8,MBNMS,MYTCAL
Point Sierra Nevada,2007-10-26,94.4,MBNMS,MYTCAL
Point Sierra Nevada,2008-03-17,87,MBNMS,MYTCAL
Point Sierra Nevada,2008-11-15,83,MBNMS,MYTCAL
Point Sierra Nevada,2009-03-08,82.2,MBNMS,MYTCAL
Point Sierra Nevada,2009-11-04,80.8,MBNMS,MYTCAL
Point Sierra Nevada,2010-03-26,78.2,MBNMS,MYTCAL
Point Sierra Nevada,2010-11-05,80.2,MBNMS,MYTCAL
Point Sierra Nevada,2011-04-20,79.6,MBNMS,MYTCAL
Point Sierra Nevada,2011-10-28,79.8,MBNMS,MYTCAL
Point Sierra Nevada,2012-04-09,79.8,MBNMS,MYTCAL
Point Sierra Nevada,2012-10-16,78.4,MBNMS,MYTCAL
Point Sierra Nevada,2013-04-27,78,MBNMS,MYTCAL
Point Sierra Nevada,2013-11-04,74.8,MBNMS,MYTCAL
Point Sierra Nevada,2014-04-17,72.6,MBNMS,MYTCAL
Point Sierra Nevada,2014-11-22,72.8,MBNMS,MYTCAL
Point Sierra Nevada,2015-04-20,74.4,MBNMS,MYTCAL
Point Sierra Nevada,2015-10-27,74.4,MBNMS,MYTCAL
Point Sierra Nevada,2016-10-17,76.4,MBNMS,MYTCAL
San Simeon Point,2007-09-27,70.6,MBNMS,MYTCAL
San Simeon Point,2008-04-06,71.4,MBNMS,MYTCAL
San Simeon Point,2009-04-26,67.6,MBNMS,MYTCAL
San Simeon Point,2011-11-22,67.2,MBNMS,MYTCAL
Slide Ranch,2006-07-13,86.2,MBNMS,MYTCAL
Slide Ranch,2007-06-04,92,MBNMS,MYTCAL
Slide Ranch,2008-06-05,91.8,MBNMS,MYTCAL
Slide Ranch,2009-06-24,92.4,MBNMS,MYTCAL
Slide Ranch,2010-06-14,94.8,MBNMS,MYTCAL
Slide Ranch,2011-06-17,95.6,MBNMS,MYTCAL
Slide Ranch,2012-06-05,94.8,MBNMS,MYTCAL
Slide Ranch,2013-06-24,93.2,MBNMS,MYTCAL
Slide Ranch,2014-06-16,95,MBNMS,MYTCAL
Slide Ranch,2015-06-04,98.2,MBNMS,MYTCAL
Slide Ranch,2016-06-06,68.2,MBNMS,MYTCAL
Stillwater,2002-11-06,88.2,MBNMS,MYTCAL
Stillwater,2003-03-11,87,MBNMS,MYTCAL
Stillwater,2003-10-27,90,MBNMS,MYTCAL
Stillwater,2004-03-16,87.8,MBNMS,MYTCAL
Stillwater,2004-10-27,83.4,MBNMS,MYTCAL
Stillwater,2005-04-05,83.6,MBNMS,MYTCAL
Stillwater,2005-11-02,82.4,MBNMS,MYTCAL
Stillwater,2006-03-28,88,MBNMS,MYTCAL
Stillwater,2006-10-09,86.2,MBNMS,MYTCAL
Stillwater,2007-04-23,87.4,MBNMS,MYTCAL
Stillwater,2007-12-20,81,MBNMS,MYTCAL
Stillwater,2008-03-05,71.4,MBNMS,MYTCAL
Stillwater,2008-10-14,65.4,MBNMS,MYTCAL
Stillwater,2009-03-10,68,MBNMS,MYTCAL
Stillwater,2009-11-02,60.6,MBNMS,MYTCAL
Stillwater,2010-04-20,66.8,MBNMS,MYTCAL
Stillwater,2010-11-06,65.6,MBNMS,MYTCAL
Stillwater,2011-03-23,67.8,MBNMS,MYTCAL
Stillwater,2011-10-27,70.4,MBNMS,MYTCAL
Stillwater,2012-10-15,82,MBNMS,MYTCAL
Stillwater,2013-11-04,81.8,MBNMS,MYTCAL
Stillwater,2014-11-05,88,MBNMS,MYTCAL
Stillwater,2015-10-26,91.2,MBNMS,MYTCAL
Stillwater,2016-11-15,91.2,MBNMS,MYTCAL
Terrace Point,2002-11-18,89.6,MBNMS,MYTCAL
Terrace Point,2003-03-16,84.8,MBNMS,MYTCAL
Terrace Point,2003-11-25,87.6,MBNMS,MYTCAL
Terrace Point,2004-03-14,87.8,MBNMS,MYTCAL
Terrace Point,2004-10-16,90.6,MBNMS,MYTCAL
Terrace Point,2005-03-08,92.2,MBNMS,MYTCAL
Terrace Point,2005-10-18,95.2,MBNMS,MYTCAL
Terrace Point,2006-04-20,96.6,MBNMS,MYTCAL
Terrace Point,2006-10-08,98.4,MBNMS,MYTCAL
Terrace Point,2007-03-17,98.6,MBNMS,MYTCAL
Terrace Point,2007-10-27,98.2,MBNMS,MYTCAL
Terrace Point,2008-03-03,97.6,MBNMS,MYTCAL
Terrace Point,2008-10-17,96.6,MBNMS,MYTCAL
Terrace Point,2009-03-11,98.2,MBNMS,MYTCAL
Terrace Point,2009-11-04,96.4,MBNMS,MYTCAL
Terrace Point,2010-03-24,97.2,MBNMS,MYTCAL
Terrace Point,2010-10-23,98.8,MBNMS,MYTCAL
Terrace Point,2011-03-15,98.4,MBNMS,MYTCAL
Terrace Point,2011-10-29,99.2,MBNMS,MYTCAL
Terrace Point,2012-10-13,97.2,MBNMS,MYTCAL
Terrace Point,2013-10-20,98.2,MBNMS,MYTCAL
Terrace Point,2014-10-09,97,MBNMS,MYTCAL
Terrace Point,2015-11-11,98.2,MBNMS,MYTCAL
Terrace Point,2016-10-17,74.6,MBNMS,MYTCAL
Vista del Mar,2007-09-28,96.4,MBNMS,MYTCAL
Vista del Mar,2008-03-16,78.2,MBNMS,MYTCAL
Vista del Mar,2009-04-25,75.2,MBNMS,MYTCAL
Vista del Mar,2011-11-24,44.8,MBNMS,MYTCAL
Wilder Ranch,2007-10-11,93.8,MBNMS,MYTCAL
Wilder Ranch,2008-04-22,94.6,MBNMS,MYTCAL
Wilder Ranch,2009-04-03,94.6,MBNMS,MYTCAL
Wilder Ranch,2011-10-25,92.6,MBNMS,MYTCAL
MBNMS,2002-06-15,83.56666666666666,MBNMS,MYTCAL
MBNMS,2003-06-15,84.7,MBNMS,MYTCAL
MBNMS,2004-06-15,81.25,MBNMS,MYTCAL
MBNMS,2005-06-15,84.75,MBNMS,MYTCAL
MBNMS,2006-06-15,89.21538461538461,MBNMS,MYTCAL
MBNMS,2007-06-15,89.75,MBNMS,MYTCAL
MBNMS,2008-06-15,83.24761904761905,MBNMS,MYTCAL
MBNMS,2009-06-15,77.28571428571429,MBNMS,MYTCAL
MBNMS,2010-06-15,70.43076923076923,MBNMS,MYTCAL
MBNMS,2011-06-15,72.97142857142858,MBNMS,MYTCAL
MBNMS,2012-06-15,80.55,MBNMS,MYTCAL
MBNMS,2013-06-15,80.95,MBNMS,MYTCAL
MBNMS,2014-06-15,82.2,MBNMS,MYTCAL
MBNMS,2015-06-15,85.025,MBNMS,MYTCAL
MBNMS,2016-06-15,79.91428571428571,MBNMS,MYTCAL
Andrew Molera,2002-11-19,62,MBNMS,CHTBAL
Andrew Molera,2003-03-25,50.6,MBNMS,CHTBAL
Andrew Molera,2003-06-30,54.2,MBNMS,CHTBAL
Andrew Molera,2003-11-24,51.6,MBNMS,CHTBAL
Andrew Molera,2004-03-18,55.8,MBNMS,CHTBAL
Andrew Molera,2004-07-07,68.6,MBNMS,CHTBAL
Andrew Molera,2004-10-26,59.6,MBNMS,CHTBAL
Andrew Molera,2005-03-09,60.2,MBNMS,CHTBAL
Andrew Molera,2005-07-10,77.6,MBNMS,CHTBAL
Andrew Molera,2005-11-01,72.6,MBNMS,CHTBAL
Andrew Molera,2006-03-27,76.2,MBNMS,CHTBAL
Andrew Molera,2006-07-27,80.8,MBNMS,CHTBAL
Andrew Molera,2006-11-03,68.6,MBNMS,CHTBAL
Andrew Molera,2007-04-22,69.6,MBNMS,CHTBAL
Andrew Molera,2007-07-05,72.2,MBNMS,CHTBAL
Andrew Molera,2007-11-25,66.2,MBNMS,CHTBAL
Andrew Molera,2008-03-06,65,MBNMS,CHTBAL
Andrew Molera,2008-07-19,74.4,MBNMS,CHTBAL
Andrew Molera,2008-10-16,69,MBNMS,CHTBAL
Andrew Molera,2009-03-09,62,MBNMS,CHTBAL
Andrew Molera,2009-07-10,57,MBNMS,CHTBAL
Andrew Molera,2009-11-17,63.2,MBNMS,CHTBAL
Andrew Molera,2010-04-19,72.4,MBNMS,CHTBAL
Andrew Molera,2010-07-26,61.8,MBNMS,CHTBAL
Andrew Molera,2010-11-21,56.2,MBNMS,CHTBAL
Andrew Molera,2011-04-21,59.6,MBNMS,CHTBAL
Andrew Molera,2011-11-23,73,MBNMS,CHTBAL
Andrew Molera,2012-11-28,73.2,MBNMS,CHTBAL
Andrew Molera,2013-11-02,69.6,MBNMS,CHTBAL
Andrew Molera,2014-11-08,82.8,MBNMS,CHTBAL
Andrew Molera,2015-10-28,85.2,MBNMS,CHTBAL
Andrew Molera,2016-11-13,90.4,MBNMS,CHTBAL
China Rocks,2007-11-09,40,MBNMS,CHTBAL
China Rocks,2008-04-10,57.2,MBNMS,CHTBAL
China Rocks,2009-05-01,28.4,MBNMS,CHTBAL
China Rocks,2011-10-27,26,MBNMS,CHTBAL
Garrapata,2007-11-10,64.8,MBNMS,CHTBAL
Garrapata,2008-04-08,48.6,MBNMS,CHTBAL
Garrapata,2009-04-29,34.4,MBNMS,CHTBAL
Garrapata,2011-10-28,40.2,MBNMS,CHTBAL
Hopkins,2002-11-05,21.8,MBNMS,CHTBAL
Hopkins,2003-03-26,16.4,MBNMS,CHTBAL
Hopkins,2003-07-02,20.2,MBNMS,CHTBAL
Hopkins,2003-10-26,15.6,MBNMS,CHTBAL
Hopkins,2004-03-19,24.2,MBNMS,CHTBAL
Hopkins,2004-07-04,28.6,MBNMS,CHTBAL
Hopkins,2004-10-14,25,MBNMS,CHTBAL
Hopkins,2005-03-07,27,MBNMS,CHTBAL
Hopkins,2005-07-08,39.4,MBNMS,CHTBAL
Hopkins,2005-11-05,45.8,MBNMS,CHTBAL
Hopkins,2006-04-18,34.4,MBNMS,CHTBAL
Hopkins,2006-07-25,35.2,MBNMS,CHTBAL
Hopkins,2006-10-07,37.2,MBNMS,CHTBAL
Hopkins,2007-03-16,34.2,MBNMS,CHTBAL
Hopkins,2007-07-03,46,MBNMS,CHTBAL
Hopkins,2007-10-26,35.2,MBNMS,CHTBAL
Hopkins,2008-03-04,28.6,MBNMS,CHTBAL
Hopkins,2008-07-18,29.8,MBNMS,CHTBAL
Hopkins,2008-10-15,30.2,MBNMS,CHTBAL
Hopkins,2009-03-06,23.2,MBNMS,CHTBAL
Hopkins,2009-07-08,26,MBNMS,CHTBAL
Hopkins,2009-11-03,28.6,MBNMS,CHTBAL
Hopkins,2010-03-25,25,MBNMS,CHTBAL
Hopkins,2010-07-25,30.6,MBNMS,CHTBAL
Hopkins,2010-11-20,33,MBNMS,CHTBAL
Hopkins,2011-04-18,28.2,MBNMS,CHTBAL
Hopkins,2011-10-26,31.6,MBNMS,CHTBAL
Hopkins,2012-10-16,34.6,MBNMS,CHTBAL
Hopkins,2013-10-18,31.6,MBNMS,CHTBAL
Hopkins,2014-11-09,39.6,MBNMS,CHTBAL
Hopkins,2015-10-25,43,MBNMS,CHTBAL
Hopkins,2016-11-12,33.8,MBNMS,CHTBAL
Mill Creek,2002-12-05,56,MBNMS,CHTBAL
Mill Creek,2003-04-19,62.4,MBNMS,CHTBAL
Mill Creek,2003-06-29,60.6,MBNMS,CHTBAL
Mill Creek,2004-04-19,78.8,MBNMS,CHTBAL
Mill Creek,2004-07-03,62.6,MBNMS,CHTBAL
Mill Creek,2004-11-13,71.6,MBNMS,CHTBAL
Mill Creek,2005-04-27,75.4,MBNMS,CHTBAL
Mill Creek,2005-07-06,78.6,MBNMS,CHTBAL
Mill Creek,2005-11-16,79.6,MBNMS,CHTBAL
Mill Creek,2006-03-25,78.6,MBNMS,CHTBAL
Mill Creek,2006-07-26,80.4,MBNMS,CHTBAL
Mill Creek,2006-11-04,78.4,MBNMS,CHTBAL
Mill Creek,2007-04-21,81.8,MBNMS,CHTBAL
Mill Creek,2007-07-01,88.8,MBNMS,CHTBAL
Mill Creek,2008-04-09,71.2,MBNMS,CHTBAL
Mill Creek,2008-07-20,76.8,MBNMS,CHTBAL
Mill Creek,2008-11-13,76.4,MBNMS,CHTBAL
Mill Creek,2009-03-07,69.4,MBNMS,CHTBAL
Mill Creek,2009-07-06,59.8,MBNMS,CHTBAL
Mill Creek,2009-11-15,50.8,MBNMS,CHTBAL
Mill Creek,2010-04-17,70,MBNMS,CHTBAL
Mill Creek,2010-07-26,59.8,MBNMS,CHTBAL
Mill Creek,2010-11-05,75,MBNMS,CHTBAL
Mill Creek,2011-04-19,59.8,MBNMS,CHTBAL
Mill Creek,2011-11-24,72.2,MBNMS,CHTBAL
Mill Creek,2012-11-27,75.2,MBNMS,CHTBAL
Mill Creek,2013-11-17,63.6,MBNMS,CHTBAL
Mill Creek,2014-11-07,67.6,MBNMS,CHTBAL
Mill Creek,2015-10-27,77.6,MBNMS,CHTBAL
Mill Creek,2016-11-14,82.6,MBNMS,CHTBAL
Natural Bridges,2007-10-10,35.8,MBNMS,CHTBAL
Natural Bridges,2008-03-10,45.8,MBNMS,CHTBAL
Natural Bridges,2009-04-02,26,MBNMS,CHTBAL
Natural Bridges,2011-10-24,28.4,MBNMS,CHTBAL
Piedras Blancas,2007-09-29,82.2,MBNMS,CHTBAL
Piedras Blancas,2008-04-06,85.2,MBNMS,CHTBAL
Piedras Blancas,2009-04-27,51.8,MBNMS,CHTBAL
Piedras Blancas,2011-10-28,44.8,MBNMS,CHTBAL
Point Pinos,2007-11-07,73.6,MBNMS,CHTBAL
Point Pinos,2008-04-09,72.2,MBNMS,CHTBAL
Point Pinos,2009-04-30,45.8,MBNMS,CHTBAL
Point Pinos,2011-10-26,52.8,MBNMS,CHTBAL
Point Sierra Nevada,2002-11-04,30.4,MBNMS,CHTBAL
Point Sierra Nevada,2003-03-01,36.8,MBNMS,CHTBAL
Point Sierra Nevada,2003-07-14,25.2,MBNMS,CHTBAL
Point Sierra Nevada,2003-10-25,27.6,MBNMS,CHTBAL
Point Sierra Nevada,2004-03-04,33.8,MBNMS,CHTBAL
Point Sierra Nevada,2004-07-19,42.4,MBNMS,CHTBAL
Point Sierra Nevada,2004-11-11,42.2,MBNMS,CHTBAL
Point Sierra Nevada,2005-03-08,61.2,MBNMS,CHTBAL
Point Sierra Nevada,2005-07-09,73.6,MBNMS,CHTBAL
Point Sierra Nevada,2005-11-14,60.8,MBNMS,CHTBAL
Point Sierra Nevada,2006-03-10,74.6,MBNMS,CHTBAL
Point Sierra Nevada,2006-07-27,62.8,MBNMS,CHTBAL
Point Sierra Nevada,2006-11-07,73.2,MBNMS,CHTBAL
Point Sierra Nevada,2007-03-16,72.8,MBNMS,CHTBAL
Point Sierra Nevada,2007-07-28,67.2,MBNMS,CHTBAL
Point Sierra Nevada,2007-10-26,70.25,MBNMS,CHTBAL
Point Sierra Nevada,2008-03-17,73.2,MBNMS,CHTBAL
Point Sierra Nevada,2008-07-17,58.6,MBNMS,CHTBAL
Point Sierra Nevada,2008-11-15,49.8,MBNMS,CHTBAL
Point Sierra Nevada,2009-03-08,68.4,MBNMS,CHTBAL
Point Sierra Nevada,2009-07-08,41,MBNMS,CHTBAL
Point Sierra Nevada,2009-11-04,45.8,MBNMS,CHTBAL
Point Sierra Nevada,2010-03-26,48,MBNMS,CHTBAL
Point Sierra Nevada,2010-07-26,43.6,MBNMS,CHTBAL
Point Sierra Nevada,2010-11-05,40.2,MBNMS,CHTBAL
Point Sierra Nevada,2011-04-20,39.8,MBNMS,CHTBAL
Point Sierra Nevada,2011-10-28,41.8,MBNMS,CHTBAL
Point Sierra Nevada,2012-04-09,65.2,MBNMS,CHTBAL
Point Sierra Nevada,2012-10-16,65.8,MBNMS,CHTBAL
Point Sierra Nevada,2013-04-27,60,MBNMS,CHTBAL
Point Sierra Nevada,2013-11-04,51.8,MBNMS,CHTBAL
Point Sierra Nevada,2014-04-17,31.6,MBNMS,CHTBAL
Point Sierra Nevada,2014-11-22,30.6,MBNMS,CHTBAL
Point Sierra Nevada,2015-04-20,61.4,MBNMS,CHTBAL
Point Sierra Nevada,2015-10-27,43,MBNMS,CHTBAL
Point Sierra Nevada,2016-10-17,60,MBNMS,CHTBAL
San Simeon Point,2007-09-27,58.2,MBNMS,CHTBAL
San Simeon Point,2008-04-06,35.6,MBNMS,CHTBAL
San Simeon Point,2009-04-26,32.4,MBNMS,CHTBAL
San Simeon Point,2011-11-22,34.4,MBNMS,CHTBAL
Slide Ranch,2006-07-13,72.6,MBNMS,CHTBAL
Slide Ranch,2007-06-04,78.6,MBNMS,CHTBAL
Slide Ranch,2008-06-05,73.2,MBNMS,CHTBAL
Slide Ranch,2009-06-24,57.2,MBNMS,CHTBAL
Slide Ranch,2010-06-14,76,MBNMS,CHTBAL
Slide Ranch,2011-06-17,58.2,MBNMS,CHTBAL
Slide Ranch,2012-06-05,55.6,MBNMS,CHTBAL
Slide Ranch,2013-06-24,60.8,MBNMS,CHTBAL
Slide Ranch,2014-06-16,36.4,MBNMS,CHTBAL
Slide Ranch,2015-06-04,21.6,MBNMS,CHTBAL
Slide Ranch,2016-06-06,27,MBNMS,CHTBAL
Stillwater,2002-11-06,33.4,MBNMS,CHTBAL
Stillwater,2003-03-11,37.6,MBNMS,CHTBAL
Stillwater,2003-07-03,39.2,MBNMS,CHTBAL
Stillwater,2003-10-27,34.8,MBNMS,CHTBAL
Stillwater,2004-03-16,45,MBNMS,CHTBAL
Stillwater,2004-07-06,45,MBNMS,CHTBAL
Stillwater,2004-10-27,46,MBNMS,CHTBAL
Stillwater,2005-04-05,50.2,MBNMS,CHTBAL
Stillwater,2005-07-07,56.4,MBNMS,CHTBAL
Stillwater,2005-11-02,49.2,MBNMS,CHTBAL
Stillwater,2006-03-28,63.2,MBNMS,CHTBAL
Stillwater,2006-07-25,65,MBNMS,CHTBAL
Stillwater,2006-10-09,56.2,MBNMS,CHTBAL
Stillwater,2007-04-23,54.2,MBNMS,CHTBAL
Stillwater,2007-07-03,60.6,MBNMS,CHTBAL
Stillwater,2007-12-20,54.4,MBNMS,CHTBAL
Stillwater,2008-03-05,48.6,MBNMS,CHTBAL
Stillwater,2008-07-21,45.4,MBNMS,CHTBAL
Stillwater,2008-10-14,46.6,MBNMS,CHTBAL
Stillwater,2009-03-10,49.4,MBNMS,CHTBAL
Stillwater,2009-07-08,37.8,MBNMS,CHTBAL
Stillwater,2009-11-02,31.2,MBNMS,CHTBAL
Stillwater,2010-04-20,37.4,MBNMS,CHTBAL
Stillwater,2010-07-27,24.8,MBNMS,CHTBAL
Stillwater,2010-11-06,31.6,MBNMS,CHTBAL
Stillwater,2011-03-23,28.2,MBNMS,CHTBAL
Stillwater,2011-10-27,31.2,MBNMS,CHTBAL
Stillwater,2012-10-15,40.4,MBNMS,CHTBAL
Stillwater,2013-11-04,39.2,MBNMS,CHTBAL
Stillwater,2014-11-05,37.8,MBNMS,CHTBAL
Stillwater,2015-10-26,55,MBNMS,CHTBAL
Stillwater,2016-11-15,57,MBNMS,CHTBAL
Terrace Point,2002-11-18,19.6,MBNMS,CHTBAL
Terrace Point,2003-03-16,18.2,MBNMS,CHTBAL
Terrace Point,2003-07-01,22.4,MBNMS,CHTBAL
Terrace Point,2003-11-25,22.4,MBNMS,CHTBAL
Terrace Point,2004-03-14,22,MBNMS,CHTBAL
Terrace Point,2004-07-05,27.8,MBNMS,CHTBAL
Terrace Point,2004-10-16,23.8,MBNMS,CHTBAL
Terrace Point,2005-03-08,29.6,MBNMS,CHTBAL
Terrace Point,2005-07-09,32.2,MBNMS,CHTBAL
Terrace Point,2005-10-18,25.8,MBNMS,CHTBAL
Terrace Point,2006-04-20,19.8,MBNMS,CHTBAL
Terrace Point,2006-07-28,28.8,MBNMS,CHTBAL
Terrace Point,2006-10-08,28.2,MBNMS,CHTBAL
Terrace Point,2007-03-17,22.8,MBNMS,CHTBAL
Terrace Point,2007-07-04,30,MBNMS,CHTBAL
Terrace Point,2007-10-27,24.2,MBNMS,CHTBAL
Terrace Point,2008-03-03,20.8,MBNMS,CHTBAL
Terrace Point,2008-07-17,17.4,MBNMS,CHTBAL
Terrace Point,2008-10-17,14.4,MBNMS,CHTBAL
Terrace Point,2009-03-11,13.8,MBNMS,CHTBAL
Terrace Point,2009-07-07,12.8,MBNMS,CHTBAL
Terrace Point,2009-11-04,19.6,MBNMS,CHTBAL
Terrace Point,2010-03-24,14.8,MBNMS,CHTBAL
Terrace Point,2010-07-28,18.2,MBNMS,CHTBAL
Terrace Point,2010-10-23,19.6,MBNMS,CHTBAL
Terrace Point,2011-03-15,22.6,MBNMS,CHTBAL
Terrace Point,2011-10-29,17,MBNMS,CHTBAL
Terrace Point,2012-10-13,14.6,MBNMS,CHTBAL
Terrace Point,2013-10-20,18.4,MBNMS,CHTBAL
Terrace Point,2014-10-09,20.8,MBNMS,CHTBAL
Terrace Point,2015-11-11,36,MBNMS,CHTBAL
Terrace Point,2016-10-17,29,MBNMS,CHTBAL
Vista del Mar,2007-09-28,74.4,MBNMS,CHTBAL
Vista del Mar,2008-03-16,90,MBNMS,CHTBAL
Vista del Mar,2009-04-25,79,MBNMS,CHTBAL
Vista del Mar,2011-11-24,68.8,MBNMS,CHTBAL
Wilder Ranch,2007-10-11,15,MBNMS,CHTBAL
Wilder Ranch,2008-04-22,11.8,MBNMS,CHTBAL
Wilder Ranch,2009-04-03,10,MBNMS,CHTBAL
Wilder Ranch,2011-10-25,2.8,MBNMS,CHTBAL
MBNMS,2002-06-15,37.2,MBNMS,CHTBAL
MBNMS,2003-06-15,35.04705882352941,MBNMS,CHTBAL
MBNMS,2004-06-15,44.6,MBNMS,CHTBAL
MBNMS,2005-06-15,55.28888888888889,MBNMS,CHTBAL
MBNMS,2006-06-15,58.642105263157895,MBNMS,CHTBAL
MBNMS,2007-06-15,56.65576923076923,MBNMS,CHTBAL
MBNMS,2008-06-15,52.43703703703704,MBNMS,CHTBAL
MBNMS,2009-06-15,41.65925925925926,MBNMS,CHTBAL
MBNMS,2010-06-15,44.10526315789474,MBNMS,CHTBAL
MBNMS,2011-06-15,41.01904761904762,MBNMS,CHTBAL
MBNMS,2012-06-15,53.075,MBNMS,CHTBAL
MBNMS,2013-06-15,49.375,MBNMS,CHTBAL
MBNMS,2014-06-15,43.4,MBNMS,CHTBAL
MBNMS,2015-06-15,52.85,MBNMS,CHTBAL
MBNMS,2016-06-15,54.25714285714286,MBNMS,CHTBAL
